"Name","URI","Region GSS code","Period","Sales volume","Reporting period","House price index All property types","House price index Detached houses","House price index Semi-detached houses","House price index Terraced houses","House price index Flats and maisonettes","Pivotable date"
South East,http://landregistry.data.gov.uk/id/region/south-east,E12000008,2000-06,18898,monthly,30.0,31.0,29.1,27.7,33.8,2000-06-01
South East,http://landregistry.data.gov.uk/id/region/south-east,E12000008,2000-07,17194,monthly,30.3,32.1,29.4,27.6,33.3,2000-07-01
South East,http://landregistry.data.gov.uk/id/region/south-east,E12000008,2000-08,16616,monthly,30.9,32.5,29.8,28.0,34.6,2000-08-01
South East,http://landregistry.data.gov.uk/id/region/south-east,E12000008,2000-09,14783,monthly,30.7,32.3,29.5,28.0,34.4,2000-09-01
South East,http://landregistry.data.gov.uk/id/region/south-east,E12000008,2000-10,14105,monthly,30.8,32.5,29.8,28.0,34.0,2000-10-01
South East,http://landregistry.data.gov.uk/id/region/south-east,E12000008,2000-11,14326,monthly,30.6,32.3,29.5,27.8,34.4,2000-11-01
South East,http://landregistry.data.gov.uk/id/region/south-east,E12000008,2000-12,15570,monthly,30.9,32.0,29.8,28.2,35.4,2000-12-01
South East,http://landregistry.data.gov.uk/id/region/south-east,E12000008,2001-01,11592,monthly,30.8,32.2,29.6,28.3,34.6,2001-01-01
South East,http://landregistry.data.gov.uk/id/region/south-east,E12000008,2001-02,11954,monthly,31.0,32.3,29.9,28.3,34.7,2001-02-01
South East,http://landregistry.data.gov.uk/id/region/south-east,E12000008,2001-03,15488,monthly,31.4,32.6,30.3,28.7,35.5,2001-03-01
South East,http://landregistry.data.gov.uk/id/region/south-east,E12000008,2001-04,16149,monthly,32.2,33.5,30.8,29.6,36.1,2001-04-01
South East,http://landregistry.data.gov.uk/id/region/south-east,E12000008,2001-05,18174,monthly,32.5,33.6,31.3,29.8,36.8,2001-05-01
South East,http://landregistry.data.gov.uk/id/region/south-east,E12000008,2001-06,20497,monthly,33.2,34.0,31.9,30.4,38.2,2001-06-01
South East,http://landregistry.data.gov.uk/id/region/south-east,E12000008,2001-07,20908,monthly,33.7,35.2,32.4,30.9,37.9,2001-07-01
South East,http://landregistry.data.gov.uk/id/region/south-east,E12000008,2001-08,22886,monthly,34.2,35.6,32.7,31.4,38.9,2001-08-01
South East,http://landregistry.data.gov.uk/id/region/south-east,E12000008,2001-09,17634,monthly,34.5,35.9,32.8,31.6,39.4,2001-09-01
South East,http://landregistry.data.gov.uk/id/region/south-east,E12000008,2001-10,18710,monthly,34.8,36.1,33.5,31.9,39.7,2001-10-01
South East,http://landregistry.data.gov.uk/id/region/south-east,E12000008,2001-11,18551,monthly,35.2,36.4,33.7,32.1,40.4,2001-11-01
South East,http://landregistry.data.gov.uk/id/region/south-east,E12000008,2001-12,16197,monthly,35.5,36.3,34.0,32.3,41.5,2001-12-01
South East,http://landregistry.data.gov.uk/id/region/south-east,E12000008,2002-01,12444,monthly,35.6,36.8,34.3,32.5,41.0,2002-01-01
South East,http://landregistry.data.gov.uk/id/region/south-east,E12000008,2002-02,13195,monthly,35.5,36.4,33.9,32.7,41.1,2002-02-01
South East,http://landregistry.data.gov.uk/id/region/south-east,E12000008,2002-03,17178,monthly,36.2,37.0,34.8,33.2,42.0,2002-03-01
South East,http://landregistry.data.gov.uk/id/region/south-east,E12000008,2002-04,17711,monthly,36.9,37.6,35.2,33.8,43.1,2002-04-01
South East,http://landregistry.data.gov.uk/id/region/south-east,E12000008,2002-05,23418,monthly,37.9,38.4,36.4,35.0,44.1,2002-05-01
South East,http://landregistry.data.gov.uk/id/region/south-east,E12000008,2002-06,18724,monthly,38.8,39.2,36.9,35.7,45.6,2002-06-01
South East,http://landregistry.data.gov.uk/id/region/south-east,E12000008,2002-07,23206,monthly,39.8,40.8,38.1,36.6,45.8,2002-07-01
South East,http://landregistry.data.gov.uk/id/region/south-east,E12000008,2002-08,23217,monthly,41.0,41.6,39.1,37.9,47.6,2002-08-01
South East,http://landregistry.data.gov.uk/id/region/south-east,E12000008,2002-09,18618,monthly,41.5,42.3,39.8,38.2,48.3,2002-09-01
South East,http://landregistry.data.gov.uk/id/region/south-east,E12000008,2002-10,18736,monthly,42.2,43.0,40.5,38.7,48.9,2002-10-01
South East,http://landregistry.data.gov.uk/id/region/south-east,E12000008,2002-11,18555,monthly,42.9,43.7,41.0,39.4,50.1,2002-11-01
South East,http://landregistry.data.gov.uk/id/region/south-east,E12000008,2002-12,17777,monthly,43.4,43.6,41.7,39.8,51.1,2002-12-01
South East,http://landregistry.data.gov.uk/id/region/south-east,E12000008,2003-01,13737,monthly,43.9,44.5,41.9,40.5,51.4,2003-01-01
South East,http://landregistry.data.gov.uk/id/region/south-east,E12000008,2003-02,12777,monthly,44.0,44.1,42.2,40.6,51.6,2003-02-01
South East,http://landregistry.data.gov.uk/id/region/south-east,E12000008,2003-03,12762,monthly,44.4,44.5,42.4,41.0,52.3,2003-03-01
South East,http://landregistry.data.gov.uk/id/region/south-east,E12000008,2003-04,13692,monthly,44.8,44.7,43.0,41.4,52.7,2003-04-01
South East,http://landregistry.data.gov.uk/id/region/south-east,E12000008,2003-05,14970,monthly,45.2,45.0,43.5,42.0,52.8,2003-05-01
South East,http://landregistry.data.gov.uk/id/region/south-east,E12000008,2003-06,15071,monthly,45.6,45.1,43.7,42.2,54.5,2003-06-01
South East,http://landregistry.data.gov.uk/id/region/south-east,E12000008,2003-07,17457,monthly,46.1,45.9,44.4,42.8,53.7,2003-07-01
South East,http://landregistry.data.gov.uk/id/region/south-east,E12000008,2003-08,18329,monthly,46.2,45.9,44.4,43.0,54.2,2003-08-01
South East,http://landregistry.data.gov.uk/id/region/south-east,E12000008,2003-09,18160,monthly,45.8,45.5,44.0,42.7,53.7,2003-09-01
South East,http://landregistry.data.gov.uk/id/region/south-east,E12000008,2003-10,20081,monthly,46.6,45.9,44.7,43.6,54.7,2003-10-01
South East,http://landregistry.data.gov.uk/id/region/south-east,E12000008,2003-11,19055,monthly,46.8,46.2,45.1,43.8,54.9,2003-11-01
South East,http://landregistry.data.gov.uk/id/region/south-east,E12000008,2003-12,20275,monthly,47.0,45.6,45.0,44.2,55.9,2003-12-01
South East,http://landregistry.data.gov.uk/id/region/south-east,E12000008,2004-01,15524,monthly,47.3,46.7,45.4,44.4,55.5,2004-01-01
South East,http://landregistry.data.gov.uk/id/region/south-east,E12000008,2004-02,14951,monthly,47.6,46.5,45.6,44.8,56.1,2004-02-01
South East,http://landregistry.data.gov.uk/id/region/south-east,E12000008,2004-03,16856,monthly,48.0,46.7,45.9,45.3,56.8,2004-03-01
South East,http://landregistry.data.gov.uk/id/region/south-east,E12000008,2004-04,19484,monthly,48.5,46.6,46.7,46.2,57.0,2004-04-01
South East,http://landregistry.data.gov.uk/id/region/south-east,E12000008,2004-05,18081,monthly,49.3,47.0,47.4,47.2,58.7,2004-05-01
South East,http://landregistry.data.gov.uk/id/region/south-east,E12000008,2004-06,20246,monthly,50.0,47.7,47.9,47.6,59.7,2004-06-01
South East,http://landregistry.data.gov.uk/id/region/south-east,E12000008,2004-07,21788,monthly,50.6,48.6,48.8,48.3,59.3,2004-07-01
South East,http://landregistry.data.gov.uk/id/region/south-east,E12000008,2004-08,19631,monthly,51.5,49.4,49.4,49.2,61.0,2004-08-01
South East,http://landregistry.data.gov.uk/id/region/south-east,E12000008,2004-09,16683,monthly,51.4,49.5,49.3,48.9,60.8,2004-09-01
South East,http://landregistry.data.gov.uk/id/region/south-east,E12000008,2004-10,15377,monthly,51.3,49.1,49.2,49.0,61.0,2004-10-01
South East,http://landregistry.data.gov.uk/id/region/south-east,E12000008,2004-11,13754,monthly,51.8,49.6,49.6,49.4,61.7,2004-11-01
South East,http://landregistry.data.gov.uk/id/region/south-east,E12000008,2004-12,13851,monthly,51.4,48.7,49.0,49.3,61.9,2004-12-01
South East,http://landregistry.data.gov.uk/id/region/south-east,E12000008,2005-01,9243,monthly,50.8,48.6,48.5,48.7,60.4,2005-01-01
South East,http://landregistry.data.gov.uk/id/region/south-east,E12000008,2005-02,9441,monthly,51.1,48.7,48.9,48.8,60.8,2005-02-01
South East,http://landregistry.data.gov.uk/id/region/south-east,E12000008,2005-03,11332,monthly,51.1,48.4,48.9,49.1,60.8,2005-03-01
South East,http://landregistry.data.gov.uk/id/region/south-east,E12000008,2005-04,13136,monthly,51.5,48.6,49.5,49.5,61.1,2005-04-01
South East,http://landregistry.data.gov.uk/id/region/south-east,E12000008,2005-05,13834,monthly,51.7,49.0,49.3,49.6,61.7,2005-05-01
South East,http://landregistry.data.gov.uk/id/region/south-east,E12000008,2005-06,16154,monthly,51.8,48.7,49.5,50.1,61.7,2005-06-01
South East,http://landregistry.data.gov.uk/id/region/south-east,E12000008,2005-07,16990,monthly,52.1,49.4,50.1,50.2,61.4,2005-07-01
South East,http://landregistry.data.gov.uk/id/region/south-east,E12000008,2005-08,16820,monthly,52.2,49.8,49.8,50.3,61.9,2005-08-01
South East,http://landregistry.data.gov.uk/id/region/south-east,E12000008,2005-09,16735,monthly,52.3,49.8,49.9,50.5,61.8,2005-09-01
South East,http://landregistry.data.gov.uk/id/region/south-east,E12000008,2005-10,15508,monthly,51.8,49.1,49.5,49.9,61.6,2005-10-01
South East,http://landregistry.data.gov.uk/id/region/south-east,E12000008,2005-11,16303,monthly,52.1,49.3,49.8,50.3,61.9,2005-11-01
South East,http://landregistry.data.gov.uk/id/region/south-east,E12000008,2005-12,18119,monthly,52.2,48.8,49.6,50.6,62.9,2005-12-01
South East,http://landregistry.data.gov.uk/id/region/south-east,E12000008,2006-01,13048,monthly,52.3,49.7,50.0,50.6,61.6,2006-01-01
South East,http://landregistry.data.gov.uk/id/region/south-east,E12000008,2006-02,13361,monthly,52.5,49.4,50.0,50.8,62.6,2006-02-01
South East,http://landregistry.data.gov.uk/id/region/south-east,E12000008,2006-03,17079,monthly,52.7,49.8,50.3,51.1,62.4,2006-03-01
South East,http://landregistry.data.gov.uk/id/region/south-east,E12000008,2006-04,15992,monthly,53.3,50.2,51.2,51.8,63.0,2006-04-01
South East,http://landregistry.data.gov.uk/id/region/south-east,E12000008,2006-05,17990,monthly,54.2,51.2,51.8,52.4,64.3,2006-05-01
South East,http://landregistry.data.gov.uk/id/region/south-east,E12000008,2006-06,21344,monthly,54.5,51.1,52.0,52.9,64.7,2006-06-01
South East,http://landregistry.data.gov.uk/id/region/south-east,E12000008,2006-07,20373,monthly,55.0,52.1,52.7,53.6,64.5,2006-07-01
South East,http://landregistry.data.gov.uk/id/region/south-east,E12000008,2006-08,22478,monthly,55.4,52.6,52.9,53.8,64.9,2006-08-01
South East,http://landregistry.data.gov.uk/id/region/south-east,E12000008,2006-09,20639,monthly,55.8,53.2,53.5,54.2,65.4,2006-09-01
South East,http://landregistry.data.gov.uk/id/region/south-east,E12000008,2006-10,19698,monthly,55.8,52.9,53.3,54.1,65.7,2006-10-01
South East,http://landregistry.data.gov.uk/id/region/south-east,E12000008,2006-11,19570,monthly,56.3,53.4,53.9,54.6,65.9,2006-11-01
South East,http://landregistry.data.gov.uk/id/region/south-east,E12000008,2006-12,20999,monthly,57.0,53.5,54.4,55.6,67.6,2006-12-01
South East,http://landregistry.data.gov.uk/id/region/south-east,E12000008,2007-01,15462,monthly,57.3,54.5,54.8,55.7,67.2,2007-01-01
South East,http://landregistry.data.gov.uk/id/region/south-east,E12000008,2007-02,14947,monthly,57.1,54.0,54.5,55.3,67.8,2007-02-01
South East,http://landregistry.data.gov.uk/id/region/south-east,E12000008,2007-03,17562,monthly,57.6,54.5,55.0,56.2,67.6,2007-03-01
South East,http://landregistry.data.gov.uk/id/region/south-east,E12000008,2007-04,15898,monthly,58.6,55.2,55.9,57.3,69.0,2007-04-01
South East,http://landregistry.data.gov.uk/id/region/south-east,E12000008,2007-05,18656,monthly,59.8,56.2,56.9,58.3,70.9,2007-05-01
South East,http://landregistry.data.gov.uk/id/region/south-east,E12000008,2007-06,21237,monthly,60.2,56.8,57.4,58.7,71.1,2007-06-01
South East,http://landregistry.data.gov.uk/id/region/south-east,E12000008,2007-07,20581,monthly,61.3,58.4,58.4,59.8,71.6,2007-07-01
South East,http://landregistry.data.gov.uk/id/region/south-east,E12000008,2007-08,22453,monthly,61.3,58.5,58.6,59.8,71.4,2007-08-01
South East,http://landregistry.data.gov.uk/id/region/south-east,E12000008,2007-09,17077,monthly,61.9,59.2,59.0,60.1,72.6,2007-09-01
South East,http://landregistry.data.gov.uk/id/region/south-east,E12000008,2007-10,18164,monthly,62.1,59.3,58.9,60.3,73.0,2007-10-01
South East,http://landregistry.data.gov.uk/id/region/south-east,E12000008,2007-11,17067,monthly,62.0,59.3,59.1,60.1,72.8,2007-11-01
South East,http://landregistry.data.gov.uk/id/region/south-east,E12000008,2007-12,13779,monthly,61.6,58.6,58.7,59.7,72.7,2007-12-01
South East,http://landregistry.data.gov.uk/id/region/south-east,E12000008,2008-01,9842,monthly,61.1,58.9,58.1,59.1,71.8,2008-01-01
South East,http://landregistry.data.gov.uk/id/region/south-east,E12000008,2008-02,10386,monthly,60.2,57.5,57.4,58.4,70.8,2008-02-01
South East,http://landregistry.data.gov.uk/id/region/south-east,E12000008,2008-03,9643,monthly,60.4,57.6,57.7,59.0,70.4,2008-03-01
South East,http://landregistry.data.gov.uk/id/region/south-east,E12000008,2008-04,10465,monthly,60.0,57.8,57.2,58.5,69.5,2008-04-01
South East,http://landregistry.data.gov.uk/id/region/south-east,E12000008,2008-05,11241,monthly,60.3,57.7,57.7,58.6,70.3,2008-05-01
South East,http://landregistry.data.gov.uk/id/region/south-east,E12000008,2008-06,10213,monthly,59.6,57.1,57.0,58.0,69.2,2008-06-01
South East,http://landregistry.data.gov.uk/id/region/south-east,E12000008,2008-07,9011,monthly,59.2,57.2,56.7,57.4,68.4,2008-07-01
South East,http://landregistry.data.gov.uk/id/region/south-east,E12000008,2008-08,8965,monthly,57.3,55.6,54.7,55.3,66.5,2008-08-01
South East,http://landregistry.data.gov.uk/id/region/south-east,E12000008,2008-09,7326,monthly,55.9,54.6,53.1,54.1,64.7,2008-09-01
South East,http://landregistry.data.gov.uk/id/region/south-east,E12000008,2008-10,7821,monthly,54.3,52.8,51.7,52.4,63.3,2008-10-01
South East,http://landregistry.data.gov.uk/id/region/south-east,E12000008,2008-11,6293,monthly,52.8,51.4,50.5,50.8,61.1,2008-11-01
South East,http://landregistry.data.gov.uk/id/region/south-east,E12000008,2008-12,7110,monthly,52.1,50.2,49.7,50.8,60.1,2008-12-01
South East,http://landregistry.data.gov.uk/id/region/south-east,E12000008,2009-01,5129,monthly,50.6,49.5,48.0,48.5,59.0,2009-01-01
South East,http://landregistry.data.gov.uk/id/region/south-east,E12000008,2009-02,4907,monthly,49.8,47.9,47.5,48.2,58.4,2009-02-01
South East,http://landregistry.data.gov.uk/id/region/south-east,E12000008,2009-03,6482,monthly,49.7,48.1,47.2,48.0,58.2,2009-03-01
South East,http://landregistry.data.gov.uk/id/region/south-east,E12000008,2009-04,7214,monthly,50.2,48.1,48.0,48.9,58.4,2009-04-01
South East,http://landregistry.data.gov.uk/id/region/south-east,E12000008,2009-05,8509,monthly,51.1,49.2,48.9,49.8,59.2,2009-05-01
South East,http://landregistry.data.gov.uk/id/region/south-east,E12000008,2009-06,10151,monthly,51.8,50.0,49.5,50.6,59.5,2009-06-01
South East,http://landregistry.data.gov.uk/id/region/south-east,E12000008,2009-07,12207,monthly,52.6,51.1,50.4,51.3,60.1,2009-07-01
South East,http://landregistry.data.gov.uk/id/region/south-east,E12000008,2009-08,11294,monthly,53.7,52.2,51.4,52.4,61.1,2009-08-01
South East,http://landregistry.data.gov.uk/id/region/south-east,E12000008,2009-09,11320,monthly,54.4,52.9,52.0,53.1,62.0,2009-09-01
South East,http://landregistry.data.gov.uk/id/region/south-east,E12000008,2009-10,12281,monthly,54.7,53.2,52.6,53.3,61.9,2009-10-01
South East,http://landregistry.data.gov.uk/id/region/south-east,E12000008,2009-11,11681,monthly,55.1,53.7,52.7,54.1,62.2,2009-11-01
South East,http://landregistry.data.gov.uk/id/region/south-east,E12000008,2009-12,14941,monthly,55.0,52.8,53.0,54.1,62.5,2009-12-01
South East,http://landregistry.data.gov.uk/id/region/south-east,E12000008,2010-01,6601,monthly,56.6,55.8,54.5,55.3,62.8,2010-01-01
South East,http://landregistry.data.gov.uk/id/region/south-east,E12000008,2010-02,8008,monthly,56.5,55.3,54.5,55.2,62.8,2010-02-01
South East,http://landregistry.data.gov.uk/id/region/south-east,E12000008,2010-03,9308,monthly,56.3,55.3,54.0,54.8,63.3,2010-03-01
South East,http://landregistry.data.gov.uk/id/region/south-east,E12000008,2010-04,9428,monthly,56.7,55.5,54.7,55.4,63.3,2010-04-01
South East,http://landregistry.data.gov.uk/id/region/south-east,E12000008,2010-05,9441,monthly,57.3,56.1,55.0,55.9,64.2,2010-05-01
South East,http://landregistry.data.gov.uk/id/region/south-east,E12000008,2010-06,11478,monthly,57.7,56.3,55.5,56.6,64.5,2010-06-01
South East,http://landregistry.data.gov.uk/id/region/south-east,E12000008,2010-07,12572,monthly,58.4,57.9,56.1,57.0,64.1,2010-07-01
South East,http://landregistry.data.gov.uk/id/region/south-east,E12000008,2010-08,11769,monthly,58.2,57.7,56.4,56.6,64.0,2010-08-01
South East,http://landregistry.data.gov.uk/id/region/south-east,E12000008,2010-09,10823,monthly,58.4,57.8,56.1,56.9,64.3,2010-09-01
South East,http://landregistry.data.gov.uk/id/region/south-east,E12000008,2010-10,10583,monthly,57.5,57.0,55.5,55.9,63.4,2010-10-01
South East,http://landregistry.data.gov.uk/id/region/south-east,E12000008,2010-11,10240,monthly,57.1,56.8,55.0,55.3,63.1,2010-11-01
South East,http://landregistry.data.gov.uk/id/region/south-east,E12000008,2010-12,10343,monthly,56.8,56.2,54.8,55.3,62.7,2010-12-01
South East,http://landregistry.data.gov.uk/id/region/south-east,E12000008,2011-01,6847,monthly,56.3,56.4,54.1,54.5,61.8,2011-01-01
South East,http://landregistry.data.gov.uk/id/region/south-east,E12000008,2011-02,7278,monthly,56.4,56.5,54.1,54.5,62.4,2011-02-01
South East,http://landregistry.data.gov.uk/id/region/south-east,E12000008,2011-03,8146,monthly,56.1,56.4,53.6,54.2,61.5,2011-03-01
South East,http://landregistry.data.gov.uk/id/region/south-east,E12000008,2011-04,9007,monthly,56.7,56.5,54.4,55.0,62.6,2011-04-01
South East,http://landregistry.data.gov.uk/id/region/south-east,E12000008,2011-05,8827,monthly,56.8,56.0,54.6,55.1,63.5,2011-05-01
South East,http://landregistry.data.gov.uk/id/region/south-east,E12000008,2011-06,10180,monthly,57.0,56.1,55.0,55.4,63.1,2011-06-01
South East,http://landregistry.data.gov.uk/id/region/south-east,E12000008,2011-07,11588,monthly,57.7,57.1,55.4,56.1,63.9,2011-07-01
South East,http://landregistry.data.gov.uk/id/region/south-east,E12000008,2011-08,12033,monthly,57.3,57.1,55.4,55.5,62.3,2011-08-01
South East,http://landregistry.data.gov.uk/id/region/south-east,E12000008,2011-09,11957,monthly,57.5,57.6,55.4,55.8,62.6,2011-09-01
South East,http://landregistry.data.gov.uk/id/region/south-east,E12000008,2011-10,10459,monthly,56.7,56.8,54.9,54.9,61.7,2011-10-01
South East,http://landregistry.data.gov.uk/id/region/south-east,E12000008,2011-11,11216,monthly,57.1,56.7,55.0,55.2,63.0,2011-11-01
South East,http://landregistry.data.gov.uk/id/region/south-east,E12000008,2011-12,11844,monthly,57.0,56.3,55.2,55.4,62.9,2011-12-01
South East,http://landregistry.data.gov.uk/id/region/south-east,E12000008,2012-01,8014,monthly,56.6,56.3,55.0,55.0,61.2,2012-01-01
South East,http://landregistry.data.gov.uk/id/region/south-east,E12000008,2012-02,8297,monthly,56.8,56.6,54.9,55.1,61.8,2012-02-01
South East,http://landregistry.data.gov.uk/id/region/south-east,E12000008,2012-03,11451,monthly,56.9,55.8,55.1,55.8,62.7,2012-03-01
South East,http://landregistry.data.gov.uk/id/region/south-east,E12000008,2012-04,7533,monthly,58.0,57.5,56.0,56.3,63.8,2012-04-01
South East,http://landregistry.data.gov.uk/id/region/south-east,E12000008,2012-05,9560,monthly,58.1,57.5,56.2,56.5,63.8,2012-05-01
South East,http://landregistry.data.gov.uk/id/region/south-east,E12000008,2012-06,10728,monthly,58.3,57.3,56.2,57.3,63.8,2012-06-01
South East,http://landregistry.data.gov.uk/id/region/south-east,E12000008,2012-07,11204,monthly,58.9,58.5,56.8,57.5,64.3,2012-07-01
South East,http://landregistry.data.gov.uk/id/region/south-east,E12000008,2012-08,12557,monthly,59.2,58.7,57.3,58.0,64.1,2012-08-01
South East,http://landregistry.data.gov.uk/id/region/south-east,E12000008,2012-09,10140,monthly,59.4,59.0,57.2,58.0,64.6,2012-09-01
South East,http://landregistry.data.gov.uk/id/region/south-east,E12000008,2012-10,10976,monthly,58.4,57.9,56.5,57.0,63.8,2012-10-01
South East,http://landregistry.data.gov.uk/id/region/south-east,E12000008,2012-11,11577,monthly,58.4,57.7,56.5,57.2,63.3,2012-11-01
South East,http://landregistry.data.gov.uk/id/region/south-east,E12000008,2012-12,10312,monthly,58.7,58.2,56.8,57.5,63.5,2012-12-01
South East,http://landregistry.data.gov.uk/id/region/south-east,E12000008,2013-01,8108,monthly,58.5,58.2,56.9,57.1,63.0,2013-01-01
South East,http://landregistry.data.gov.uk/id/region/south-east,E12000008,2013-02,8163,monthly,58.2,57.8,56.3,56.8,62.9,2013-02-01
South East,http://landregistry.data.gov.uk/id/region/south-east,E12000008,2013-03,9491,monthly,58.5,58.3,56.6,57.1,63.5,2013-03-01
South East,http://landregistry.data.gov.uk/id/region/south-east,E12000008,2013-04,9101,monthly,59.2,58.8,57.3,58.0,63.9,2013-04-01
South East,http://landregistry.data.gov.uk/id/region/south-east,E12000008,2013-05,11770,monthly,59.3,58.6,57.5,58.1,64.5,2013-05-01
South East,http://landregistry.data.gov.uk/id/region/south-east,E12000008,2013-06,11961,monthly,60.0,59.3,58.1,58.9,65.0,2013-06-01
South East,http://landregistry.data.gov.uk/id/region/south-east,E12000008,2013-07,13795,monthly,60.7,60.2,58.8,59.5,65.7,2013-07-01
South East,http://landregistry.data.gov.uk/id/region/south-east,E12000008,2013-08,15122,monthly,60.9,60.4,59.1,59.7,65.7,2013-08-01
South East,http://landregistry.data.gov.uk/id/region/south-east,E12000008,2013-09,13167,monthly,61.1,60.9,59.0,59.8,65.9,2013-09-01
South East,http://landregistry.data.gov.uk/id/region/south-east,E12000008,2013-10,14569,monthly,61.1,61.1,59.3,59.6,65.7,2013-10-01
South East,http://landregistry.data.gov.uk/id/region/south-east,E12000008,2013-11,15099,monthly,61.6,61.0,59.9,60.4,66.5,2013-11-01
South East,http://landregistry.data.gov.uk/id/region/south-east,E12000008,2013-12,14971,monthly,62.1,61.0,60.4,60.9,67.6,2013-12-01
South East,http://landregistry.data.gov.uk/id/region/south-east,E12000008,2014-01,12253,monthly,62.6,62.2,60.7,61.0,67.8,2014-01-01
South East,http://landregistry.data.gov.uk/id/region/south-east,E12000008,2014-02,12002,monthly,62.7,62.2,60.9,61.2,67.7,2014-02-01
South East,http://landregistry.data.gov.uk/id/region/south-east,E12000008,2014-03,12484,monthly,63.2,62.3,61.6,62.0,68.5,2014-03-01
South East,http://landregistry.data.gov.uk/id/region/south-east,E12000008,2014-04,12835,monthly,64.2,63.5,62.3,63.0,69.3,2014-04-01
South East,http://landregistry.data.gov.uk/id/region/south-east,E12000008,2014-05,13967,monthly,65.3,64.2,63.6,64.2,70.7,2014-05-01
South East,http://landregistry.data.gov.uk/id/region/south-east,E12000008,2014-06,14673,monthly,65.9,64.8,64.2,64.6,71.3,2014-06-01
South East,http://landregistry.data.gov.uk/id/region/south-east,E12000008,2014-07,15973,monthly,67.0,66.2,65.2,65.9,71.9,2014-07-01
South East,http://landregistry.data.gov.uk/id/region/south-east,E12000008,2014-08,16577,monthly,67.9,67.2,66.1,66.6,72.9,2014-08-01
South East,http://landregistry.data.gov.uk/id/region/south-east,E12000008,2014-09,14977,monthly,68.4,67.5,66.4,67.1,73.9,2014-09-01
South East,http://landregistry.data.gov.uk/id/region/south-east,E12000008,2014-10,16051,monthly,68.5,67.8,66.7,67.0,73.9,2014-10-01
South East,http://landregistry.data.gov.uk/id/region/south-east,E12000008,2014-11,13599,monthly,68.3,67.6,66.6,66.8,73.8,2014-11-01
South East,http://landregistry.data.gov.uk/id/region/south-east,E12000008,2014-12,14439,monthly,68.7,67.9,66.7,67.2,74.3,2014-12-01
South East,http://landregistry.data.gov.uk/id/region/south-east,E12000008,2015-01,10936,monthly,68.8,68.1,67.0,67.2,74.4,2015-01-01
South East,http://landregistry.data.gov.uk/id/region/south-east,E12000008,2015-02,10909,monthly,68.8,68.1,66.7,67.1,74.4,2015-02-01
South East,http://landregistry.data.gov.uk/id/region/south-east,E12000008,2015-03,11739,monthly,68.9,68.3,67.1,67.0,74.5,2015-03-01
South East,http://landregistry.data.gov.uk/id/region/south-east,E12000008,2015-04,11596,monthly,69.8,69.1,67.9,68.3,75.3,2015-04-01
South East,http://landregistry.data.gov.uk/id/region/south-east,E12000008,2015-05,12900,monthly,70.5,69.3,68.7,69.0,76.3,2015-05-01
South East,http://landregistry.data.gov.uk/id/region/south-east,E12000008,2015-06,15232,monthly,71.5,70.5,69.8,70.4,76.7,2015-06-01
South East,http://landregistry.data.gov.uk/id/region/south-east,E12000008,2015-07,16491,monthly,72.7,71.9,71.0,71.3,78.1,2015-07-01
South East,http://landregistry.data.gov.uk/id/region/south-east,E12000008,2015-08,15511,monthly,73.6,72.8,71.9,72.2,79.1,2015-08-01
South East,http://landregistry.data.gov.uk/id/region/south-east,E12000008,2015-09,15052,monthly,73.9,73.6,71.9,72.3,79.3,2015-09-01
South East,http://landregistry.data.gov.uk/id/region/south-east,E12000008,2015-10,16502,monthly,74.4,73.8,72.7,73.0,79.7,2015-10-01
South East,http://landregistry.data.gov.uk/id/region/south-east,E12000008,2015-11,14653,monthly,75.0,74.3,73.2,73.4,80.5,2015-11-01
South East,http://landregistry.data.gov.uk/id/region/south-east,E12000008,2015-12,14723,monthly,75.7,75.1,74.0,74.1,81.0,2015-12-01
South East,http://landregistry.data.gov.uk/id/region/south-east,E12000008,2016-01,11281,monthly,76.3,75.5,75.0,74.5,81.8,2016-01-01
South East,http://landregistry.data.gov.uk/id/region/south-east,E12000008,2016-02,11988,monthly,76.8,76.1,75.1,75.2,82.3,2016-02-01
South East,http://landregistry.data.gov.uk/id/region/south-east,E12000008,2016-03,21531,monthly,78.0,77.6,75.9,76.2,83.9,2016-03-01
South East,http://landregistry.data.gov.uk/id/region/south-east,E12000008,2016-04,9325,monthly,77.4,76.0,75.7,76.1,83.1,2016-04-01
South East,http://landregistry.data.gov.uk/id/region/south-east,E12000008,2016-05,10633,monthly,78.3,76.2,76.3,77.1,85.2,2016-05-01
South East,http://landregistry.data.gov.uk/id/region/south-east,E12000008,2016-06,13226,monthly,79.3,78.1,77.3,77.8,85.5,2016-06-01
South East,http://landregistry.data.gov.uk/id/region/south-east,E12000008,2016-07,14114,monthly,80.3,78.9,78.5,79.0,86.5,2016-07-01
South East,http://landregistry.data.gov.uk/id/region/south-east,E12000008,2016-08,14632,monthly,80.6,79.2,78.6,79.1,86.9,2016-08-01
South East,http://landregistry.data.gov.uk/id/region/south-east,E12000008,2016-09,13617,monthly,79.9,78.9,78.1,78.1,86.1,2016-09-01
South East,http://landregistry.data.gov.uk/id/region/south-east,E12000008,2016-10,12356,monthly,80.0,79.0,78.1,77.9,86.8,2016-10-01
South East,http://landregistry.data.gov.uk/id/region/south-east,E12000008,2016-11,12669,monthly,80.0,79.5,78.0,77.8,86.4,2016-11-01
South East,http://landregistry.data.gov.uk/id/region/south-east,E12000008,2016-12,14140,monthly,80.3,79.4,78.2,78.4,87.0,2016-12-01
South East,http://landregistry.data.gov.uk/id/region/south-east,E12000008,2017-01,10227,monthly,81.3,80.5,79.4,79.3,87.8,2017-01-01
South East,http://landregistry.data.gov.uk/id/region/south-east,E12000008,2017-02,10887,monthly,80.6,79.2,78.0,78.5,88.5,2017-02-01
South East,http://landregistry.data.gov.uk/id/region/south-east,E12000008,2017-03,12670,monthly,80.7,79.8,78.6,78.5,87.5,2017-03-01
South East,http://landregistry.data.gov.uk/id/region/south-east,E12000008,2017-04,11007,monthly,81.5,80.6,79.3,79.3,88.5,2017-04-01
South East,http://landregistry.data.gov.uk/id/region/south-east,E12000008,2017-05,11895,monthly,81.9,80.0,79.9,79.6,90.2,2017-05-01
South East,http://landregistry.data.gov.uk/id/region/south-east,E12000008,2017-06,14680,monthly,82.7,81.1,80.5,80.8,90.4,2017-06-01
South East,http://landregistry.data.gov.uk/id/region/south-east,E12000008,2017-07,13952,monthly,83.4,81.7,81.3,81.4,91.3,2017-07-01
South East,http://landregistry.data.gov.uk/id/region/south-east,E12000008,2017-08,15084,monthly,84.0,82.2,81.6,82.3,91.6,2017-08-01
South East,http://landregistry.data.gov.uk/id/region/south-east,E12000008,2017-09,13696,monthly,83.8,82.8,81.6,81.9,90.8,2017-09-01
South East,http://landregistry.data.gov.uk/id/region/south-east,E12000008,2017-10,13422,monthly,83.7,82.6,81.8,81.7,90.3,2017-10-01
South East,http://landregistry.data.gov.uk/id/region/south-east,E12000008,2017-11,13141,monthly,83.2,81.6,81.3,81.3,90.4,2017-11-01
South East,http://landregistry.data.gov.uk/id/region/south-east,E12000008,2017-12,13223,monthly,83.3,82.1,81.5,81.6,89.9,2017-12-01
South East,http://landregistry.data.gov.uk/id/region/south-east,E12000008,2018-01,10093,monthly,83.4,82.3,81.7,81.3,90.1,2018-01-01
South East,http://landregistry.data.gov.uk/id/region/south-east,E12000008,2018-02,9950,monthly,83.5,82.6,81.7,81.7,89.8,2018-02-01
South East,http://landregistry.data.gov.uk/id/region/south-east,E12000008,2018-03,11783,monthly,83.1,82.0,81.5,81.5,89.1,2018-03-01
South East,http://landregistry.data.gov.uk/id/region/south-east,E12000008,2018-04,9781,monthly,83.5,82.3,82.1,82.3,89.0,2018-04-01
South East,http://landregistry.data.gov.uk/id/region/south-east,E12000008,2018-05,11436,monthly,83.6,82.6,82.1,82.0,89.4,2018-05-01
South East,http://landregistry.data.gov.uk/id/region/south-east,E12000008,2018-06,13779,monthly,84.4,83.1,83.0,82.6,90.4,2018-06-01
South East,http://landregistry.data.gov.uk/id/region/south-east,E12000008,2018-07,13184,monthly,85.0,84.4,83.4,83.3,90.4,2018-07-01
South East,http://landregistry.data.gov.uk/id/region/south-east,E12000008,2018-08,14793,monthly,85.2,84.2,83.7,83.8,90.8,2018-08-01
South East,http://landregistry.data.gov.uk/id/region/south-east,E12000008,2018-09,11992,monthly,85.0,84.4,83.6,83.4,90.0,2018-09-01
South East,http://landregistry.data.gov.uk/id/region/south-east,E12000008,2018-10,13093,monthly,84.3,83.7,82.9,82.5,89.7,2018-10-01
South East,http://landregistry.data.gov.uk/id/region/south-east,E12000008,2018-11,13696,monthly,84.0,83.4,82.5,82.5,89.1,2018-11-01
South East,http://landregistry.data.gov.uk/id/region/south-east,E12000008,2018-12,11914,monthly,83.4,82.3,82.1,81.6,89.3,2018-12-01
South East,http://landregistry.data.gov.uk/id/region/south-east,E12000008,2019-01,9325,monthly,83.7,83.6,82.4,81.6,88.9,2019-01-01
South East,http://landregistry.data.gov.uk/id/region/south-east,E12000008,2019-02,9410,monthly,83.2,82.8,81.9,81.3,88.3,2019-02-01
South East,http://landregistry.data.gov.uk/id/region/south-east,E12000008,2019-03,10703,monthly,82.4,81.7,81.4,80.8,87.2,2019-03-01
South East,http://landregistry.data.gov.uk/id/region/south-east,E12000008,2019-04,10174,monthly,82.9,82.1,81.7,81.5,87.7,2019-04-01
South East,http://landregistry.data.gov.uk/id/region/south-east,E12000008,2019-05,11063,monthly,82.7,81.6,81.6,81.7,87.3,2019-05-01
South East,http://landregistry.data.gov.uk/id/region/south-east,E12000008,2019-06,11537,monthly,83.4,82.3,82.2,81.9,88.6,2019-06-01
South East,http://landregistry.data.gov.uk/id/region/south-east,E12000008,2019-07,12874,monthly,83.8,82.8,82.6,82.5,89.0,2019-07-01
South East,http://landregistry.data.gov.uk/id/region/south-east,E12000008,2019-08,14003,monthly,83.9,83.4,82.7,82.7,87.9,2019-08-01
South East,http://landregistry.data.gov.uk/id/region/south-east,E12000008,2019-09,11931,monthly,84.1,83.3,82.6,83.0,89.1,2019-09-01
South East,http://landregistry.data.gov.uk/id/region/south-east,E12000008,2019-10,12908,monthly,83.7,83.0,83.0,82.2,88.1,2019-10-01
South East,http://landregistry.data.gov.uk/id/region/south-east,E12000008,2019-11,13231,monthly,83.7,83.3,82.9,82.2,87.7,2019-11-01
South East,http://landregistry.data.gov.uk/id/region/south-east,E12000008,2019-12,12615,monthly,83.5,82.7,82.4,82.2,88.0,2019-12-01
South East,http://landregistry.data.gov.uk/id/region/south-east,E12000008,2020-01,9742,monthly,83.6,82.9,82.9,82.3,87.6,2020-01-01
South East,http://landregistry.data.gov.uk/id/region/south-east,E12000008,2020-02,9889,monthly,82.7,82.6,81.8,81.4,85.9,2020-02-01
South East,http://landregistry.data.gov.uk/id/region/south-east,E12000008,2020-03,10166,monthly,84.0,83.5,83.1,82.6,88.0,2020-03-01
South East,http://landregistry.data.gov.uk/id/region/south-east,E12000008,2020-04,4138,monthly,84.5,85.1,83.8,83.2,86.7,2020-04-01
South East,http://landregistry.data.gov.uk/id/region/south-east,E12000008,2020-05,5049,monthly,83.4,83.0,82.7,81.8,87.1,2020-05-01
South East,http://landregistry.data.gov.uk/id/region/south-east,E12000008,2020-06,7833,monthly,83.7,82.8,83.1,83.0,86.9,2020-06-01
South East,http://landregistry.data.gov.uk/id/region/south-east,E12000008,2020-07,9560,monthly,84.6,84.2,83.9,83.6,88.1,2020-07-01
South East,http://landregistry.data.gov.uk/id/region/south-east,E12000008,2020-08,9855,monthly,85.6,85.9,85.3,84.6,87.4,2020-08-01
South East,http://landregistry.data.gov.uk/id/region/south-east,E12000008,2020-09,11245,monthly,86.3,86.6,85.6,85.3,88.4,2020-09-01
South East,http://landregistry.data.gov.uk/id/region/south-east,E12000008,2020-10,13862,monthly,86.4,86.7,85.6,85.7,88.5,2020-10-01
South East,http://landregistry.data.gov.uk/id/region/south-east,E12000008,2020-11,13969,monthly,87.5,87.9,86.6,86.8,89.6,2020-11-01
South East,http://landregistry.data.gov.uk/id/region/south-east,E12000008,2020-12,15999,monthly,87.8,87.9,86.8,87.2,89.9,2020-12-01
South East,http://landregistry.data.gov.uk/id/region/south-east,E12000008,2021-01,13837,monthly,87.1,85.8,86.0,86.6,91.3,2021-01-01
South East,http://landregistry.data.gov.uk/id/region/south-east,E12000008,2021-02,17351,monthly,87.1,85.3,85.9,86.9,91.9,2021-02-01
South East,http://landregistry.data.gov.uk/id/region/south-east,E12000008,2021-03,25948,monthly,88.3,86.3,86.9,88.3,93.6,2021-03-01
South East,http://landregistry.data.gov.uk/id/region/south-east,E12000008,2021-04,15234,monthly,87.5,85.9,86.2,87.3,92.2,2021-04-01
South East,http://landregistry.data.gov.uk/id/region/south-east,E12000008,2021-05,12933,monthly,87.8,86.5,86.6,87.5,91.9,2021-05-01
South East,http://landregistry.data.gov.uk/id/region/south-east,E12000008,2021-06,33565,monthly,91.5,89.2,89.7,92.5,96.5,2021-06-01
South East,http://landregistry.data.gov.uk/id/region/south-east,E12000008,2021-07,7150,monthly,87.6,86.7,86.7,86.7,91.7,2021-07-01
South East,http://landregistry.data.gov.uk/id/region/south-east,E12000008,2021-08,12083,monthly,90.5,90.4,89.7,89.7,92.9,2021-08-01
South East,http://landregistry.data.gov.uk/id/region/south-east,E12000008,2021-09,22779,monthly,93.3,91.7,92.0,93.6,97.0,2021-09-01
South East,http://landregistry.data.gov.uk/id/region/south-east,E12000008,2021-10,9147,monthly,91.3,92.4,90.4,89.8,93.3,2021-10-01
South East,http://landregistry.data.gov.uk/id/region/south-east,E12000008,2021-11,11737,monthly,92.9,93.4,92.2,91.8,94.9,2021-11-01
South East,http://landregistry.data.gov.uk/id/region/south-east,E12000008,2021-12,13274,monthly,93.5,93.5,92.3,93.3,95.9,2021-12-01
South East,http://landregistry.data.gov.uk/id/region/south-east,E12000008,2022-01,10349,monthly,95.0,95.1,94.4,94.4,96.4,2022-01-01
South East,http://landregistry.data.gov.uk/id/region/south-east,E12000008,2022-02,11495,monthly,94.8,94.6,94.0,94.1,97.8,2022-02-01
South East,http://landregistry.data.gov.uk/id/region/south-east,E12000008,2022-03,13520,monthly,95.4,95.3,94.8,94.9,97.2,2022-03-01
South East,http://landregistry.data.gov.uk/id/region/south-east,E12000008,2022-04,12107,monthly,95.6,95.3,94.7,95.7,97.2,2022-04-01
South East,http://landregistry.data.gov.uk/id/region/south-east,E12000008,2022-05,11754,monthly,97.0,96.6,96.5,96.9,98.7,2022-05-01
South East,http://landregistry.data.gov.uk/id/region/south-east,E12000008,2022-06,12515,monthly,98.2,97.3,97.3,98.4,100.8,2022-06-01
South East,http://landregistry.data.gov.uk/id/region/south-east,E12000008,2022-07,13367,monthly,99.8,99.4,99.5,100.2,100.5,2022-07-01
South East,http://landregistry.data.gov.uk/id/region/south-east,E12000008,2022-08,14298,monthly,100.8,100.4,100.3,101.4,101.3,2022-08-01
South East,http://landregistry.data.gov.uk/id/region/south-east,E12000008,2022-09,14254,monthly,101.0,100.8,100.4,101.4,101.4,2022-09-01
South East,http://landregistry.data.gov.uk/id/region/south-east,E12000008,2022-10,13738,monthly,101.1,101.0,100.6,101.4,101.5,2022-10-01
South East,http://landregistry.data.gov.uk/id/region/south-east,E12000008,2022-11,13867,monthly,100.6,100.5,100.1,100.9,101.2,2022-11-01
South East,http://landregistry.data.gov.uk/id/region/south-east,E12000008,2022-12,12716,monthly,100.1,99.3,99.5,100.7,101.7,2022-12-01
South East,http://landregistry.data.gov.uk/id/region/south-east,E12000008,2023-01,8853,monthly,100.0,100.0,100.0,100.0,100.0,2023-01-01
South East,http://landregistry.data.gov.uk/id/region/south-east,E12000008,2023-02,8634,monthly,98.9,99.3,98.4,98.6,99.2,2023-02-01
South East,http://landregistry.data.gov.uk/id/region/south-east,E12000008,2023-03,9788,monthly,98.1,98.8,98.0,97.2,98.5,2023-03-01
South East,http://landregistry.data.gov.uk/id/region/south-east,E12000008,2023-04,6980,monthly,97.9,98.7,97.7,97.1,98.1,2023-04-01
South East,http://landregistry.data.gov.uk/id/region/south-east,E12000008,2023-05,7536,monthly,97.5,97.2,97.1,97.3,98.5,2023-05-01
South East,http://landregistry.data.gov.uk/id/region/south-east,E12000008,2023-06,9476,monthly,97.5,97.4,97.0,97.7,97.8,2023-06-01
South East,http://landregistry.data.gov.uk/id/region/south-east,E12000008,2023-07,8874,monthly,98.5,98.6,98.7,98.7,98.0,2023-07-01
South East,http://landregistry.data.gov.uk/id/region/south-east,E12000008,2023-08,10317,monthly,98.4,98.8,98.3,98.9,97.7,2023-08-01
South East,http://landregistry.data.gov.uk/id/region/south-east,E12000008,2023-09,9965,monthly,97.8,97.8,97.6,98.2,97.7,2023-09-01
South East,http://landregistry.data.gov.uk/id/region/south-east,E12000008,2023-10,9720,monthly,97.5,97.0,97.4,97.6,98.0,2023-10-01
South East,http://landregistry.data.gov.uk/id/region/south-east,E12000008,2023-11,9297,monthly,96.8,97.2,96.7,96.4,96.9,2023-11-01
South East,http://landregistry.data.gov.uk/id/region/south-east,E12000008,2023-12,8880,monthly,94.8,94.4,94.6,94.8,95.6,2023-12-01
South East,http://landregistry.data.gov.uk/id/region/south-east,E12000008,2024-01,7290,monthly,95.3,95.3,95.2,95.4,95.1,2024-01-01
South East,http://landregistry.data.gov.uk/id/region/south-east,E12000008,2024-02,7996,monthly,94.9,94.2,95.0,95.1,95.2,2024-02-01
South East,http://landregistry.data.gov.uk/id/region/south-east,E12000008,2024-03,9392,monthly,94.6,94.2,94.0,94.6,95.9,2024-03-01
South East,http://landregistry.data.gov.uk/id/region/south-east,E12000008,2024-04,8419,monthly,95.2,94.4,95.0,95.4,96.2,2024-04-01
South East,http://landregistry.data.gov.uk/id/region/south-east,E12000008,2024-05,10212,monthly,96.2,95.3,96.0,96.5,97.1,2024-05-01
South East,http://landregistry.data.gov.uk/id/region/south-east,E12000008,2024-06,9754,monthly,96.2,95.2,95.7,97.0,97.2,2024-06-01
South East,http://landregistry.data.gov.uk/id/region/south-east,E12000008,2024-07,11410,monthly,97.3,96.4,97.3,98.3,96.8,2024-07-01
South East,http://landregistry.data.gov.uk/id/region/south-east,E12000008,2024-08,12343,monthly,98.5,97.9,98.6,99.5,98.0,2024-08-01
South East,http://landregistry.data.gov.uk/id/region/south-east,E12000008,2024-09,10969,monthly,98.1,98.4,98.2,98.6,97.2,2024-09-01
South East,http://landregistry.data.gov.uk/id/region/south-east,E12000008,2024-10,12745,monthly,98.3,97.9,97.9,98.9,98.5,2024-10-01
South East,http://landregistry.data.gov.uk/id/region/south-east,E12000008,2024-11,12058,monthly,97.3,96.9,97.8,98.1,96.4,2024-11-01
South East,http://landregistry.data.gov.uk/id/region/south-east,E12000008,2024-12,11143,monthly,97.7,98.0,97.8,98.4,96.6,2024-12-01
South East,http://landregistry.data.gov.uk/id/region/south-east,E12000008,2025-01,9853,monthly,98.3,98.3,98.9,99.2,96.6,2025-01-01
South East,http://landregistry.data.gov.uk/id/region/south-east,E12000008,2025-02,10981,monthly,98.0,97.7,98.3,99.1,97.0,2025-02-01
South East,http://landregistry.data.gov.uk/id/region/south-east,E12000008,2025-03,22129,monthly,98.4,96.1,98.1,100.1,99.8,2025-03-01
South East,http://landregistry.data.gov.uk/id/region/south-east,E12000008,2025-04,4901,monthly,96.9,98.3,97.8,96.8,93.9,2025-04-01
South East,http://landregistry.data.gov.uk/id/region/south-east,E12000008,2025-05,8277,monthly,97.1,97.2,97.7,98.1,95.3,2025-05-01
South East,http://landregistry.data.gov.uk/id/region/south-east,E12000008,2025-06,10217,monthly,97.9,97.8,98.4,98.8,96.2,2025-06-01
South East,http://landregistry.data.gov.uk/id/region/south-east,E12000008,2025-07,11344,monthly,98.2,98.2,99.0,99.2,96.1,2025-07-01
South East,http://landregistry.data.gov.uk/id/region/south-east,E12000008,2025-08,11839,monthly,99.1,98.9,100.2,100.4,96.6,2025-08-01
South East,http://landregistry.data.gov.uk/id/region/south-east,E12000008,2025-09,10076,monthly,98.4,98.7,99.5,99.9,95.2,2025-09-01
South East,http://landregistry.data.gov.uk/id/region/south-east,E12000008,2025-10,11444,monthly,99.4,99.5,100.8,100.5,96.2,2025-10-01
South East,http://landregistry.data.gov.uk/id/region/south-east,E12000008,2025-11,9947,monthly,98.3,98.7,99.5,99.8,94.6,2025-11-01
South East,http://landregistry.data.gov.uk/id/region/south-east,E12000008,2025-12,9398,monthly,97.3,97.4,98.4,98.9,94.1,2025-12-01
South East,http://landregistry.data.gov.uk/id/region/south-east,E12000008,2026-01,7090,monthly,97.9,97.9,99.5,99.6,93.8,2026-01-01
South East,http://landregistry.data.gov.uk/id/region/south-east,E12000008,2026-02,6917,monthly,97.5,97.8,99.2,98.6,93.7,2026-02-01
South East,http://landregistry.data.gov.uk/id/region/south-east,E12000008,2026-03,7254,monthly,97.8,97.9,99.6,99.5,93.4,2026-03-01
South East,http://landregistry.data.gov.uk/id/region/south-east,E12000008,2026-04,,monthly,97.5,97.4,99.3,99.1,93.9,2026-04-01
South East,http://landregistry.data.gov.uk/id/region/south-east,E12000008,2026-05,,monthly,98.3,98.5,100.4,99.7,94.1,2026-05-01
